{
  "train_loss": [
    0.41156795765339227,
    0.35655731507690885,
    0.3264708562738084,
    0.30014127470578716,
    0.27796198842682024,
    0.25436993830051124,
    0.2366959075522622,
    0.22128776022140123,
    0.2088846253531292,
    0.19831694904628527,
    0.18978938449890376,
    0.18150375564797736,
    0.17505732772638063,
    0.1692649654193099,
    0.16357245792449157,
    0.1592641875449231,
    0.15469161393712968,
    0.15031759390727412,
    0.14688126075694685,
    0.14374541959206216,
    0.14074171128572438,
    0.13814684423629311,
    0.13543760101868899,
    0.13311144549119372,
    0.13052293200777226,
    0.12868620595055388,
    0.12649920184842853,
    0.12466338682134127,
    0.12243746683670566,
    0.12113336445672171,
    0.1193913149256243,
    0.1177291226723196,
    0.11610981006934026,
    0.11530780856448737,
    0.11353297261335933,
    0.11202890213883093,
    0.11097879740390687,
    0.10986456808924053,
    0.10876539478324004,
    0.10778976412100495,
    0.10643827979260584,
    0.1052276452587904,
    0.10450763781967015,
    0.10358759747414925,
    0.10274300905860372,
    0.10148995134811493,
    0.10084413602334957,
    0.09991466931417822,
    0.09905970917753021,
    0.09844243734577277,
    0.0975910587461113
  ],
  "train_r2": [
    0.2689402401447296,
    0.38996684551239014,
    0.4569387435913086,
    0.5143073797225952,
    0.56174635887146,
    0.6110329627990723,
    0.6470591425895691,
    0.6780112385749817,
    0.7023038864135742,
    0.7223749160766602,
    0.7380416989326477,
    0.7528358101844788,
    0.7641258239746094,
    0.7742610573768616,
    0.7839544415473938,
    0.7909966111183167,
    0.7984811663627625,
    0.8056167960166931,
    0.8112025856971741,
    0.8161432147026062,
    0.8207817077636719,
    0.8249168992042542,
    0.8290520310401917,
    0.8325920104980469,
    0.8365274667739868,
    0.839199423789978,
    0.8424707055091858,
    0.845163881778717,
    0.848515510559082,
    0.8505714535713196,
    0.8530654907226562,
    0.8554978966712952,
    0.8579174280166626,
    0.8592216968536377,
    0.8619630932807922,
    0.8641776442527771,
    0.865763247013092,
    0.8674288392066956,
    0.869022786617279,
    0.8704980611801147,
    0.872614324092865,
    0.8743088245391846,
    0.8755207061767578,
    0.8767744302749634,
    0.8779836297035217,
    0.8797616958618164,
    0.8807745575904846,
    0.882017195224762,
    0.8830599188804626,
    0.8838484287261963,
    0.8851654529571533
  ],
  "val_loss": [
    0.36872015520679746,
    0.3363358405784668,
    0.3240920667201282,
    0.30061416211710973,
    0.28290700594613577,
    0.25992877568848793,
    0.2444377837473072,
    0.23228294655908457,
    0.22529353348620637,
    0.2210255232999279,
    0.20884144326113985,
    0.20182181071117072,
    0.20367405492634733,
    0.20045126543090735,
    0.19850715432236707,
    0.19270397705728973,
    0.1904415720439568,
    0.18798145971008073,
    0.18648443198191608,
    0.1866102707622848,
    0.1851057209046177,
    0.18306816674483414,
    0.18583384637501815,
    0.17933112529658435,
    0.18423220549911046,
    0.17811028931724482,
    0.1800407283651919,
    0.17916126313572464,
    0.18022390154278425,
    0.18015388601584645,
    0.17970081000486215,
    0.1792661523178201,
    0.17360491373316084,
    0.17752813837284478,
    0.17893376188255822,
    0.1712416536326415,
    0.17504139659292708,
    0.17490827366562758,
    0.17409648681813725,
    0.17108935656278537,
    0.17064347592291693,
    0.17111115556733414,
    0.17262848023144728,
    0.17246143458407198,
    0.17211481406720022,
    0.169886146840816,
    0.1764832284131795,
    0.16935949125572403,
    0.16920972336607967,
    0.17196819932862056,
    0.1710389889103609
  ],
  "val_cc": [
    0.6077970862388611,
    0.6596052050590515,
    0.6848306655883789,
    0.7171592712402344,
    0.7321593761444092,
    0.77410489320755,
    0.7891340851783752,
    0.8053003549575806,
    0.8154569268226624,
    0.8161100149154663,
    0.8341168761253357,
    0.8405333161354065,
    0.8391761779785156,
    0.8430078029632568,
    0.8463467955589294,
    0.8528494238853455,
    0.8517189621925354,
    0.85415118932724,
    0.8566501140594482,
    0.8564115762710571,
    0.8567936420440674,
    0.8607015013694763,
    0.859352171421051,
    0.8635258078575134,
    0.8614566326141357,
    0.8643218874931335,
    0.8637191653251648,
    0.8657264709472656,
    0.8632503151893616,
    0.8649216294288635,
    0.8644710183143616,
    0.8647140264511108,
    0.8688139319419861,
    0.8667443990707397,
    0.8667341470718384,
    0.8687606453895569,
    0.8685441613197327,
    0.8675616979598999,
    0.8702153563499451,
    0.869411289691925,
    0.8714060187339783,
    0.8714839816093445,
    0.8695397973060608,
    0.8700380325317383,
    0.8695371747016907,
    0.8708658814430237,
    0.8673080801963806,
    0.8729943633079529,
    0.87264484167099,
    0.8721560835838318,
    0.8714288473129272
  ],
  "val_rmse": [
    23.47149658203125,
    22.018096923828125,
    21.35657501220703,
    20.248350143432617,
    20.076807022094727,
    18.383270263671875,
    17.665725708007812,
    17.012290954589844,
    16.591917037963867,
    16.631847381591797,
    15.880677223205566,
    15.526226043701172,
    15.565428733825684,
    15.356088638305664,
    15.397704124450684,
    15.003159523010254,
    15.066252708435059,
    14.837936401367188,
    14.841437339782715,
    14.801395416259766,
    14.766037940979004,
    14.572195053100586,
    14.767078399658203,
    14.460570335388184,
    14.740041732788086,
    14.368512153625488,
    14.528033256530762,
    14.538979530334473,
    14.517236709594727,
    14.530205726623535,
    14.521695137023926,
    14.51733112335205,
    14.183094024658203,
    14.338861465454102,
    14.593680381774902,
    14.066605567932129,
    14.274069786071777,
    14.349516868591309,
    14.160992622375488,
    14.100494384765625,
    14.146862030029297,
    14.159302711486816,
    14.184698104858398,
    14.248238563537598,
    14.206408500671387,
    13.972262382507324,
    14.293436050415039,
    13.92398738861084,
    13.986374855041504,
    14.177783012390137,
    14.107711791992188
  ],
  "val_r2": [
    0.35881444811820984,
    0.4333121180534363,
    0.45350009202957153,
    0.5136079788208008,
    0.5279057025909424,
    0.5908307433128357,
    0.6183379888534546,
    0.6453781723976135,
    0.6588559746742249,
    0.6619749665260315,
    0.6904627084732056,
    0.7028068900108337,
    0.699283242225647,
    0.7062337398529053,
    0.7075977921485901,
    0.7206530570983887,
    0.7215802669525146,
    0.7254413366317749,
    0.7283945083618164,
    0.7288627624511719,
    0.7303911447525024,
    0.7356285452842712,
    0.7294511198997498,
    0.7410697340965271,
    0.7321119904518127,
    0.7428017258644104,
    0.7390056252479553,
    0.7409611344337463,
    0.7384504675865173,
    0.7383476495742798,
    0.7389706969261169,
    0.7397184371948242,
    0.7493324875831604,
    0.7428861856460571,
    0.7406356930732727,
    0.7520038485527039,
    0.7466607689857483,
    0.7460188269615173,
    0.74883633852005,
    0.7521259188652039,
    0.7539985179901123,
    0.7528771758079529,
    0.7496413588523865,
    0.7499949932098389,
    0.7496147751808167,
    0.7553724050521851,
    0.7451124787330627,
    0.7562732100486755,
    0.7553902268409729,
    0.7511014938354492,
    0.7536299228668213
  ],
  "best_r2": 0.7562732100486755
}