{
  "train_loss": [
    0.3865604573294638,
    0.32105988952927367,
    0.2828513791128578,
    0.2544216532435305,
    0.23394808449115387,
    0.2098748460126761,
    0.19240682925657476,
    0.17957698517683957,
    0.16982965111459708,
    0.16061025725555922,
    0.15312412891036106,
    0.1467310324708376,
    0.14192752931469718,
    0.13551372746553467,
    0.1324447250725453,
    0.12841877523547165,
    0.12428894538491804,
    0.12193102785427816,
    0.11796707760995201,
    0.1161381640267423,
    0.1126374958782002,
    0.11038786184029836,
    0.10835426523596754,
    0.10582526956661376,
    0.10390705951804179,
    0.10281414229495306,
    0.1004541041420723,
    0.09842142179412655,
    0.09730399385085528,
    0.09640753931206192,
    0.09407279566683757,
    0.09330045722293268,
    0.09167932762631517,
    0.09129032543844587,
    0.08892340463035378,
    0.0884740830731152,
    0.08805237930309658,
    0.08736428199227271,
    0.08485583142953458,
    0.08448071015399089,
    0.0838711147813377,
    0.08235028708138607,
    0.08187255775111121,
    0.08144583477871734,
    0.07987898502809365,
    0.07956818775534122,
    0.07890354902584554,
    0.07802386550889988,
    0.0770822157512439,
    0.07736307993910567,
    0.0760773464251096,
    0.07526686302272984,
    0.07484478909238972,
    0.07390771924351976,
    0.07377378669386296,
    0.07339296369321421,
    0.07228836026481428,
    0.07183493834967442,
    0.0713555528244659,
    0.07093341826072821,
    0.07035932119702447,
    0.06994713764001884,
    0.0695451246943691,
    0.06908864817239493,
    0.0686952152164239,
    0.06817099041125287,
    0.06801343876866939,
    0.06709381529439085,
    0.06679382056977087,
    0.06660839842282738,
    0.06619107325075445,
    0.06605058381223906,
    0.0655084772614153
  ],
  "train_r2": [
    0.32170969247817993,
    0.4675169289112091,
    0.550028920173645,
    0.6101322770118713,
    0.6523330211639404,
    0.6993947625160217,
    0.7324621081352234,
    0.7556137442588806,
    0.7724223732948303,
    0.7877843976020813,
    0.8003948330879211,
    0.8106054663658142,
    0.8181726932525635,
    0.8284009695053101,
    0.8330067992210388,
    0.839216947555542,
    0.8452777862548828,
    0.849077582359314,
    0.8555235266685486,
    0.8578277230262756,
    0.8633733987808228,
    0.8667337894439697,
    0.8696660995483398,
    0.873605489730835,
    0.876258909702301,
    0.8773865103721619,
    0.8811324834823608,
    0.8837406039237976,
    0.8849887251853943,
    0.8861212134361267,
    0.8895722031593323,
    0.8907427191734314,
    0.893157422542572,
    0.8934177756309509,
    0.8967339992523193,
    0.8975573182106018,
    0.8977836966514587,
    0.898433268070221,
    0.9020878076553345,
    0.9027090668678284,
    0.9034380316734314,
    0.9054558277130127,
    0.9061275720596313,
    0.9062502384185791,
    0.9084802269935608,
    0.9088977575302124,
    0.9096131920814514,
    0.9108163714408875,
    0.9120554327964783,
    0.9113007187843323,
    0.9131546020507812,
    0.9142499566078186,
    0.9147234559059143,
    0.9158193469047546,
    0.9156349301338196,
    0.9162358641624451,
    0.9177157878875732,
    0.9183358550071716,
    0.9189191460609436,
    0.919343888759613,
    0.9199551939964294,
    0.9204139113426208,
    0.9208561182022095,
    0.921368420124054,
    0.9217819571495056,
    0.9224454760551453,
    0.9225137233734131,
    0.923733115196228,
    0.9241116046905518,
    0.9241477847099304,
    0.9244890809059143,
    0.9248361587524414,
    0.9252806305885315
  ],
  "val_loss": [
    0.33797499034659334,
    0.28885371223748574,
    0.25987565098440873,
    0.2361107250865441,
    0.22651674436494118,
    0.2052994772892082,
    0.20107767551220762,
    0.19017189721315975,
    0.17927732697683046,
    0.17516005107003943,
    0.17158923462469058,
    0.17173974878716106,
    0.16989497902270284,
    0.16072661833460258,
    0.16643051041039192,
    0.15457808634780446,
    0.16241646558508027,
    0.15562991335068052,
    0.15808881267568542,
    0.16078626774997476,
    0.15263175627235417,
    0.15603675177751697,
    0.15506826950869015,
    0.1495150391036922,
    0.14899970493461326,
    0.1519780796995547,
    0.1518017914695984,
    0.1456508954829985,
    0.14903803433766039,
    0.1465177402432918,
    0.15391385562699333,
    0.14883348857100692,
    0.14857916393639828,
    0.15317819521404272,
    0.14715385932163128,
    0.1552709645988683,
    0.15095724762634635,
    0.14831342801349212,
    0.1457389367551911,
    0.14655651431239347,
    0.1525116313837521,
    0.15008587699141676,
    0.1462861888023368,
    0.14922922300633,
    0.1458048717726802,
    0.14389516167122518,
    0.14651580210928564,
    0.14611405674755226,
    0.1446452898646954,
    0.1493883209346797,
    0.14814793598640175,
    0.14788949574363355,
    0.1426362023943272,
    0.14642782735507487,
    0.1499823730230908,
    0.1465526568385593,
    0.15176358580215443,
    0.14664959305787423,
    0.1515177134289039,
    0.1432498808777054,
    0.14257541769965024,
    0.14521249024485872,
    0.15005579256627652,
    0.14370816519703083,
    0.14485514778552355,
    0.1429366524657055,
    0.14767310549561005,
    0.14462037406130407,
    0.1440878112196499,
    0.14580661030094216,
    0.1450610249547707,
    0.14235929536398761,
    0.14530887689430463
  ],
  "val_cc": [
    0.6592479348182678,
    0.7311599254608154,
    0.7701084613800049,
    0.8017494678497314,
    0.812843918800354,
    0.8393747806549072,
    0.8410150408744812,
    0.8538345694541931,
    0.8643075823783875,
    0.8667593002319336,
    0.8735366463661194,
    0.869788408279419,
    0.8742449283599854,
    0.8809427618980408,
    0.8768451809883118,
    0.8850219249725342,
    0.880078136920929,
    0.886046826839447,
    0.8852127194404602,
    0.8829261660575867,
    0.8864717483520508,
    0.8871257901191711,
    0.8876254558563232,
    0.892484724521637,
    0.8912433385848999,
    0.8897364139556885,
    0.8908506035804749,
    0.8934516906738281,
    0.8923324942588806,
    0.8951768279075623,
    0.8907406330108643,
    0.8932406902313232,
    0.8941096663475037,
    0.8904922008514404,
    0.8959991931915283,
    0.8893823027610779,
    0.8933576345443726,
    0.8945068120956421,
    0.8968960046768188,
    0.8953111171722412,
    0.8908077478408813,
    0.8946439623832703,
    0.895560085773468,
    0.8944610357284546,
    0.8951427340507507,
    0.8969970941543579,
    0.8976144194602966,
    0.8961164951324463,
    0.8976982235908508,
    0.8965793251991272,
    0.8966831564903259,
    0.8971661925315857,
    0.8991144299507141,
    0.8974826335906982,
    0.8955742120742798,
    0.8991383910179138,
    0.8940620422363281,
    0.8966702818870544,
    0.8943451046943665,
    0.8996105790138245,
    0.8985379934310913,
    0.8968543410301208,
    0.8966033458709717,
    0.8988850116729736,
    0.8985527157783508,
    0.9003503918647766,
    0.8983879089355469,
    0.8993397355079651,
    0.8996820449829102,
    0.8992325067520142,
    0.8994707465171814,
    0.9006807804107666,
    0.8995789885520935
  ],