{
  "train_loss": [
    0.7614013094725034,
    0.6436875596534972,
    0.5792735288160433,
    0.5252887181246282,
    0.48175880803133886,
    0.43991459043013303,
    0.40663631552044577,
    0.37600328387583365,
    0.3496648908484932,
    0.32713540553910697,
    0.30219555220190497,
    0.2798319632256502,
    0.26238704065818436,
    0.24847911419239074,
    0.23476492042574165,
    0.22333969307081783,
    0.21306508533985383,
    0.205539210392429,
    0.19718061470389095,
    0.1911077362089592,
    0.18559654580920396,
    0.18037785842690462,
    0.17447930176151075,
    0.1707933389012173,
    0.16698492738463333,
    0.16302929179910158,
    0.15987763373947714,
    0.15599481471921572,
    0.15275951542510202,
    0.1505210069690402,
    0.14710564332708317,
    0.1449665520550424,
    0.14228199889049348,
    0.14031043495318946,
    0.13786014264882795,
    0.13601688491818478,
    0.133953409679237,
    0.13230181503388352,
    0.12964630173776842,
    0.128814932068729,
    0.12666518558307444,
    0.12520724649223194,
    0.12389449292127841,
    0.12249932420746455,
    0.12075553401417406,
    0.11967983814168674,
    0.11889283479359346,
    0.11701462326435684,
    0.11627054869095269,
    0.11497226180304104,
    0.11386230849360762,
    0.11259441491594395
  ],
  "train_r2": [
    0.23864427208900452,
    0.3563508093357086,
    0.42076075077056885,
    0.4747423827648163,
    0.518269956111908,
    0.560111939907074,
    0.5933882594108582,
    0.6240195631980896,
    0.6503564119338989,
    0.6728845834732056,
    0.6978229880332947,
    0.7201853394508362,
    0.7376292943954468,
    0.7515363097190857,
    0.7652496099472046,
    0.7766740918159485,
    0.7869479656219482,
    0.79447340965271,
    0.8028315901756287,
    0.8089040517807007,
    0.814414918422699,
    0.8196333050727844,
    0.8255314230918884,
    0.8292171359062195,
    0.8330253958702087,
    0.8369807600975037,
    0.8401322960853577,
    0.8440147638320923,
    0.8472499251365662,
    0.8494882583618164,
    0.8529035449028015,
    0.8550423979759216,
    0.8577268123626709,
    0.8596982955932617,
    0.8621482849121094,
    0.8639916777610779,
    0.866054892539978,
    0.8677064776420593,
    0.8703617453575134,
    0.8711931109428406,
    0.873342752456665,
    0.8748005032539368,
    0.8761132955551147,
    0.8775082230567932,
    0.8792520761489868,
    0.880327582359314,
    0.8811145424842834,
    0.882992684841156,
    0.8837366700172424,
    0.8850349187850952,
    0.8861448168754578,
    0.8874126672744751
  ],
  "val_loss": [
    0.7202988959993972,
    0.6274017631683746,
    0.5834097636249482,
    0.5379506111574721,
    0.505257932733125,
    0.46152051936665667,
    0.467104290428784,
    0.44612961788122574,
    0.3996753100129822,
    0.39180963357156606,
    0.39965745061112357,
    0.34770895575948435,
    0.335276332961778,
    0.32340074918057893,
    0.32376362637166534,
    0.3124256262002278,
    0.3155583799344324,
    0.2943699381777497,
    0.29419110675132887,
    0.2982421856253033,
    0.29593388330204856,
    0.2976990238117749,
    0.27731366221527537,
    0.2867708813740467,
    0.2829453345649728,
    0.27745960889963545,
    0.28623950288319366,
    0.28074129564981326,
    0.283859071791131,
    0.2751827578272076,
    0.27977124809454895,
    0.28438244883372965,
    0.2705990972456655,
    0.27351467633151705,
    0.26601911274166223,
    0.26701198063452475,
    0.2693469090756612,
    0.2646118958007665,
    0.26563223435560557,
    0.26682327428556896,
    0.2598277471283453,
    0.2607782758600819,
    0.2596848086942041,
    0.2605753476312299,
    0.2570969516762766,
    0.26614462148154006,
    0.27105437826794454,
    0.26182221171096176,
    0.26194883698968713,
    0.2642007375679915,
    0.2635066285302071,
    0.26224331498824394
  ],
  "val_cc": [
    0.5716825723648071,
    0.6294018626213074,
    0.6605637669563293,
    0.6899662613868713,
    0.7159454822540283,
    0.7419893145561218,
    0.7476339340209961,
    0.7552768588066101,
    0.7843734622001648,
    0.7878170609474182,
    0.7921168804168701,
    0.8148087859153748,
    0.8219258785247803,
    0.8282249569892883,
    0.8332650661468506,
    0.8353822231292725,
    0.8377595543861389,
    0.8449545502662659,
    0.8467448949813843,
    0.8452348113059998,
    0.845741331577301,
    0.8468343615531921,
    0.8556918501853943,
    0.8521162271499634,
    0.8545823693275452,
    0.8562818765640259,
    0.8531067371368408,
    0.8574104905128479,
    0.8538110256195068,
    0.8579431176185608,
    0.8555578589439392,
    0.8556287884712219,
    0.8609617352485657,
    0.8603616952896118,
    0.8631610870361328,
    0.8631501793861389,
    0.8646302819252014,
    0.8644422888755798,
    0.8651044964790344,
    0.8622128963470459,
    0.8667094707489014,
    0.8661143779754639,
    0.8668926358222961,
    0.8668229579925537,
    0.8670846819877625,
    0.8630828857421875,
    0.8614038228988647,
    0.8663257956504822,
    0.8665189146995544,
    0.8651027083396912,
    0.8649978637695312,
    0.867525041103363
  ],
  "val_rmse": [
    24.655122756958008,
    23.316749572753906,
    22.254026412963867,
    21.251996994018555,
    20.64674186706543,
    19.593950271606445,
    19.91497230529785,
    19.326658248901367,
    18.10692024230957,
    17.88775634765625,
    18.100086212158203,
    16.647411346435547,
    16.43792152404785,
    16.100997924804688,
    16.16732406616211,
    15.751801490783691,
    16.010398864746094,
    15.315155029296875,
    15.32846450805664,
    15.528192520141602,
    15.538028717041016,
    15.38891315460205,
    14.853720664978027,
    15.18035888671875,
    15.06473159790039,
    14.935614585876465,
    15.143133163452148,
    15.047051429748535,
    15.00345230102539,
    14.799775123596191,
    15.055413246154785,
    15.107394218444824,
    14.641407012939453,
    14.81790542602539,
    14.544708251953125,
    14.49945068359375,
    14.61849594116211,
    14.40566635131836,
    14.504526138305664,
    14.469158172607422,
    14.329825401306152,
    14.322197914123535,
    14.306536674499512,
    14.472686767578125,
    14.202850341796875,
    14.501275062561035,
    14.586148262023926,
    14.390399932861328,
    14.347367286682129,
    14.483798027038574,
    14.346848487854004,
    14.375380516052246
  ],
  "val_r2": [
    0.2936822772026062,
    0.3847891092300415,
    0.42788445949554443,
    0.47249987721443176,
    0.5044921636581421,
    0.5473670959472656,
    0.5419163703918457,
    0.5623864531517029,
    0.6080288290977478,
    0.6157159209251404,
    0.6080081462860107,
    0.6590636968612671,
    0.6712278127670288,
    0.6828505396842957,
    0.682513952255249,
    0.6936736106872559,
    0.6906042695045471,
    0.711359441280365,
    0.7115067839622498,
    0.7075672745704651,
    0.7097974419593811,
    0.7080637216567993,
    0.7280592322349548,
    0.7188246250152588,
    0.7225348949432373,
    0.7279398441314697,
    0.7192961573600769,
    0.7246719598770142,
    0.7216585278511047,
    0.7301232814788818,
    0.7256240844726562,
    0.7211130261421204,
    0.734640896320343,
    0.7317677140235901,
    0.73916095495224,
    0.7381591796875,
    0.7358866333961487,
    0.7405330538749695,
    0.7395015358924866,
    0.7383619546890259,
    0.745205819606781,
    0.7442799210548401,
    0.7453418374061584,
    0.7444753050804138,
    0.7478851079940796,
    0.7390434741973877,
    0.7341890335083008,
    0.7432626485824585,
    0.7431278824806213,
    0.7409241199493408,
    0.7416118383407593,
    0.7428399920463562
  ],
  "best_r2": 0.7478851079940796
}