{
  "train_loss": [
    0.38665965830991045,
    0.3235721432453478,
    0.2880351630916638,
    0.26177439173970235,
    0.24106643628812216,
    0.21890895173928906,
    0.20267228035222776,
    0.18903795284794742,
    0.1788627201366859,
    0.16978512898048453,
    0.1627503983716213,
    0.15600891843983808,
    0.1502979612988106,
    0.14512807549044032,
    0.1418151242278298,
    0.13798734710846045,
    0.13353209385672016,
    0.1307313971870241,
    0.12764550470046587,
    0.12543884814377462,
    0.12220788890576595,
    0.12008796867017019,
    0.11747595751657308,
    0.11594333033225952,
    0.11363569945808162,
    0.11233020260406683,
    0.11058841085434455,
    0.10889103360116995,
    0.10693255721579056,
    0.10518560159040881,
    0.10455582892402132,
    0.10287201468252478,
    0.10169851993829876,
    0.10050537988391257,
    0.09942219969642822,
    0.09803469615673398
  ],
  "train_r2": [
    0.3214121460914612,
    0.46216222643852234,
    0.5389136075973511,
    0.5946428775787354,
    0.6375897526741028,
    0.6820859313011169,
    0.7131680250167847,
    0.7384297847747803,
    0.7567165493965149,
    0.7725644707679749,
    0.7845356464385986,
    0.7955217957496643,
    0.8051448464393616,
    0.8131620287895203,
    0.8182942867279053,
    0.824122965335846,
    0.831249475479126,
    0.8354001641273499,
    0.8403871655464172,
    0.8435606360435486,
    0.8483917713165283,
    0.8517473340034485,
    0.8560705780982971,
    0.8582855463027954,
    0.8619710803031921,
    0.8638836145401001,
    0.8663234114646912,
    0.8689655065536499,
    0.8719524145126343,
    0.8743734359741211,
    0.8751275539398193,
    0.8776086568832397,
    0.8792904019355774,
    0.8811195492744446,
    0.882404088973999,
    0.8843694925308228
  ],
  "val_loss": [
    0.33641611543055217,
    0.2916333855590267,
    0.2632888958426746,
    0.24994530615411648,
    0.23118512517766493,
    0.21777976792676462,
    0.20983122542566934,
    0.1934091417236158,
    0.18620556694557003,
    0.18435827765723867,
    0.17720786523028026,
    0.17760025809782842,
    0.17568495309871762,
    0.17476468762599773,
    0.16728733245283084,
    0.16617752821872647,
    0.1596147185249645,
    0.157910686988756,
    0.16355542867107833,
    0.16135356039684898,
    0.15773976890555064,
    0.15770029173743777,
    0.1511886614723684,
    0.1553573439696528,
    0.15729789652427487,
    0.15822048906786124,
    0.15173034817059186,
    0.1510034876886629,
    0.15280260127174297,
    0.15095343572328773,
    0.15356265516640746,
    0.154767711045637,
    0.1592198409677804,
    0.15501147787141067,
    0.15057913099414122,
    0.15219462644726856
  ],
  "val_cc": [
    0.6603057980537415,
    0.7268578410148621,
    0.7647932171821594,
    0.7815122604370117,
    0.8069179654121399,
    0.8264184594154358,
    0.8323689103126526,
    0.8492845892906189,
    0.8576369881629944,
    0.8601827025413513,
    0.8647845983505249,
    0.867815375328064,
    0.869503378868103,
    0.8726425170898438,
    0.8764431476593018,
    0.8789784908294678,
    0.8822803497314453,
    0.8833793997764587,
    0.8838083148002625,
    0.8829410672187805,
    0.8861629962921143,
    0.8848233819007874,
    0.8898577094078064,
    0.8888745903968811,
    0.8859676122665405,
    0.8857122659683228,
    0.8902021646499634,
    0.8903132081031799,
    0.890633225440979,
    0.8910722136497498,
    0.8898208141326904,
    0.8890917301177979,
    0.8870590329170227,
    0.890653669834137,
    0.89304518699646,
    0.8928806781768799
  ],
  "val_rmse": [
    22.01176643371582,
    19.83031463623047,
    18.291397094726562,
    18.095840454101562,
    16.904071807861328,
    16.364063262939453,
    16.07756233215332,
    15.085232734680176,
    14.703980445861816,
    14.640313148498535,
    14.400103569030762,
    14.174983978271484,
    14.489124298095703,
    14.242646217346191,
    13.940927505493164,
    13.804702758789062,
    13.485787391662598,
    13.434592247009277,
    13.886821746826172,
    13.540955543518066,
    13.430228233337402,
    13.534048080444336,
    13.084929466247559,
    13.183813095092773,
    13.385607719421387,
    13.550921440124512,
    13.211563110351562,
    13.136168479919434,
    13.149499893188477,
    13.07229995727539,
    13.171219825744629,
    13.347957611083984,
    13.603974342346191,
    13.292654991149902,
    13.153478622436523,
    13.136696815490723
  ],
  "val_r2": [
    0.42444688081741333,
    0.5268040895462036,
    0.5857471823692322,
    0.608203113079071,
    0.6458885669708252,
    0.67276531457901,
    0.6874293088912964,
    0.7152225971221924,
    0.7263829708099365,
    0.7315580248832703,
    0.7428023815155029,
    0.7454898953437805,
    0.7449907660484314,
    0.7479854822158813,
    0.7594653964042664,
    0.7610883116722107,
    0.7727553844451904,
    0.7741905450820923,
    0.7657781839370728,
    0.7701593041419983,
    0.7741250395774841,
    0.7729471325874329,
    0.7859037518501282,
    0.779482901096344,
    0.7747665047645569,
    0.7721068859100342,
    0.7836542725563049,
    0.7850204110145569,
    0.7819882035255432,
    0.7843254208564758,
    0.780487060546875,
    0.7789381146430969,
    0.7724463939666748,
    0.7801689505577087,
    0.7860254645347595,
    0.7836883664131165
  ],
  "val_lag_best": [
    2,
    1,
    1,
    1,
    1,
    1,
    1,
    1,
    1,
    1,
    1,
    1,
    1,
    1,
    1,
    1,
    1,
    1,
    1,
    0,
    1,
    0,
    1,
    0,
    1,
    0,
    1,
    0,
    1,
    1,
    1,
    0,
    0,
    1,
    1,
    0
  ],
  "val_lag_cc": [
    0.6640529632568359,
    0.7292513251304626,
    0.7670214176177979,
    0.7834181189537048,
    0.8087795376777649,
    0.8279502987861633,
    0.8334922790527344,
    0.8503331542015076,
    0.8583735823631287,
    0.8609288930892944,
    0.8653688430786133,
    0.8687096238136292,
    0.8699809908866882,
    0.8730506300926208,
    0.8768101334571838,
    0.8794209957122803,
    0.8823904395103455,
    0.8836296200752258,
    0.884147047996521,
    0.8829410672187805,
    0.8862979412078857,
    0.8848233819007874,
    0.8898758292198181,
    0.8888745903968811,
    0.8861862421035767,
    0.8857122659683228,
    0.8902804851531982,
    0.8903132081031799,
    0.8907942175865173,
    0.8912554383277893,
    0.8899476528167725,
    0.8890917301177979,
    0.8870590329170227,
    0.890663743019104,
    0.8930997848510742,
    0.8928806781768799
  ],
  "val_lag_rmse": [
    21.912452697753906,
    19.75409698486328,
    18.218780517578125,
    18.032909393310547,
    16.83372688293457,
    16.310686111450195,
    16.04389190673828,
    15.054869651794434,
    14.680704116821289,
    14.620691299438477,
    14.396483421325684,
    14.149093627929688,
    14.489253997802734,
    14.240897178649902,
    13.943793296813965,
    13.802270889282227,
    13.498336791992188,
    13.43932819366455,
    13.882457733154297,
    13.540955543518066,
    13.440279960632324,
    13.534048080444336,
    13.100963592529297,
    13.183813095092773,
    13.392740249633789,
    13.550921440124512,
    13.215042114257812,
    13.136168479919434,
    13.158008575439453,
    13.083107948303223,
    13.180291175842285,
    13.347957611083984,
    13.603974342346191,
    13.308170318603516,
    13.168294906616211,
    13.136696815490723
  ],