{
  "train_loss": [
    0.4116985788187624,
    0.3567033874032231,
    0.3267710734285083,
    0.30031978260588155,
    0.27787488677871236,
    0.254623766623117,
    0.2365675093975951,
    0.22132144056352043,
    0.2085201413264641,
    0.19805270564765248,
    0.18942547168821902,
    0.1813220664755797,
    0.17529837311228372,
    0.16930729393054728,
    0.16369184601222247,
    0.15893780273888147,
    0.15469228061610213,
    0.1504277690273214,
    0.14731745835152726,
    0.14395490255875687,
    0.14045238031317125,
    0.13802060628299978,
    0.1353234590761164,
    0.13310459397194727,
    0.13072650660967353,
    0.12874302523628814,
    0.12672508253269493,
    0.12463688629647181,
    0.12272070520990651,
    0.1211028003841144,
    0.11958755737393802,
    0.11761980987167166,
    0.11620236952344568,
    0.11505353215972942,
    0.11343565079201742,
    0.11205208616825008,
    0.11105594112164058,
    0.10981331688838751,
    0.10860652751594879,
    0.10755112698987002,
    0.10631647472720618,
    0.10522327619260181,
    0.10448063718180466,
    0.10346517684699023,
    0.10261462431036235,
    0.10146111602167804,
    0.10065242771131196,
    0.09992700021816754,
    0.09902416120327147,
    0.09837643304468473,
    0.09736774153067951,
    0.09667782104377044,
    0.09612680623679827,
    0.09552205492696605,
    0.0945451073712416,
    0.09404261138282388,
    0.09338867508891083,
    0.09279929767441948,
    0.09190401961867745
  ],
  "train_r2": [
    0.2686628997325897,
    0.38966837525367737,
    0.4562799632549286,
    0.5138967037200928,
    0.5618708729743958,
    0.6103966236114502,
    0.6474069952964783,
    0.6779890060424805,
    0.7029943466186523,
    0.7228214740753174,
    0.7386059165000916,
    0.7529974579811096,
    0.7636282444000244,
    0.7739750146865845,
    0.7834587693214417,
    0.7914213538169861,
    0.7983409762382507,
    0.8052511215209961,
    0.8102731108665466,
    0.8156536221504211,
    0.8210713863372803,
    0.8248487710952759,
    0.828911542892456,
    0.8324186205863953,
    0.8360056281089783,
    0.8387327194213867,
    0.8419663906097412,
    0.8450238704681396,
    0.847965657711029,
    0.850414514541626,
    0.8526915907859802,
    0.8556402325630188,
    0.8577430248260498,
    0.8596963286399841,
    0.8620704412460327,
    0.8641054630279541,
    0.8656187653541565,
    0.867551863193512,
    0.8695029616355896,
    0.8710613250732422,
    0.8729360699653625,
    0.8744981288909912,
    0.8756521344184875,
    0.8769944906234741,
    0.8782168030738831,
    0.8798986077308655,
    0.8810672163963318,
    0.8820599913597107,
    0.8832876682281494,
    0.8840612173080444,
    0.8856119513511658,
    0.8864302039146423,
    0.8870529532432556,
    0.8881912231445312,
    0.8894096612930298,
    0.8899385333061218,
    0.8909491896629333,
    0.8916673064231873,
    0.892909586429596
  ],
  "val_loss": [
    0.36886775359846824,
    0.33501128118395324,
    0.32345284357254944,
    0.3008604416127024,
    0.2793896438470897,
    0.2656856722113881,
    0.24248298073789473,
    0.2350595738722194,
    0.221783965758021,
    0.22406246922577747,
    0.20677255544078119,
    0.2062166433588352,
    0.2057827792737374,
    0.20048544830462156,
    0.19680354122327987,
    0.19411614475959316,
    0.19369797595066282,
    0.18909207607512651,
    0.1875949610910922,
    0.1847501460473309,
    0.1853642305453481,
    0.18354029166695843,
    0.18452829484456507,
    0.18180472991929933,
    0.18054114773326418,
    0.17830252931863205,
    0.18364912108199546,
    0.1785914514356049,
    0.1785778213731549,
    0.17911081075485463,
    0.1770727530605668,
    0.17908813254193318,
    0.17514944564816834,
    0.17815172530884615,
    0.17812041413643406,
    0.1721604950064195,
    0.17616665442664664,
    0.1719915348848658,
    0.17466451429554844,
    0.17330037382896396,
    0.17151862998051104,
    0.17268724782341527,
    0.1720866919396671,
    0.17117665153968534,
    0.17009004770490152,
    0.16998162113942594,
    0.1766748105816355,
    0.17079382369036347,
    0.17157699522716377,
    0.1684179485347328,
    0.1713720992081522,
    0.17282768640492352,
    0.17216388660275073,
    0.16810885436843095,
    0.16984358274198255,
    0.17313893947383602,
    0.16979573589768446,
    0.1711751696410444,
    0.1705974450789705
  ],
  "val_cc": [
    0.6063697934150696,
    0.6607632040977478,
    0.6876279711723328,
    0.7174243927001953,
    0.7370288968086243,
    0.7703767418861389,
    0.7920207381248474,
    0.7978805899620056,
    0.8179193735122681,
    0.81378173828125,
    0.8345849514007568,
    0.8370385766029358,
    0.8364643454551697,
    0.8435305953025818,
    0.8494858145713806,
    0.851223886013031,
    0.8479853272438049,
    0.8528785109519958,
    0.8556180596351624,
    0.8574116230010986,
    0.8564136028289795,
    0.8598247766494751,
    0.8596544861793518,
    0.8622388243675232,
    0.8637341856956482,
    0.8644540905952454,
    0.8639457821846008,
    0.8644822835922241,
    0.8648119568824768,
    0.8658598065376282,
    0.866320788860321,
    0.8660829663276672,
    0.8678556084632874,
    0.8663539886474609,
    0.8672453165054321,
    0.8684586882591248,
    0.869293749332428,
    0.8708851337432861,
    0.8702094554901123,
    0.8693552613258362,
    0.871024489402771,
    0.871630847454071,
    0.8717107176780701,
    0.8714950084686279,
    0.8719844818115234,
    0.8708517551422119,
    0.867607057094574,
    0.8724042773246765,
    0.8712387681007385,
    0.8741344809532166,
    0.8705810904502869,
    0.8721775412559509,
    0.8705740571022034,
    0.8742864727973938,
    0.8735479712486267,
    0.8711040019989014,
    0.8733217716217041,
    0.8733955025672913,
    0.872657835483551
  ],
  "val_rmse": [
    23.579797744750977,
    21.934206008911133,
    21.390735626220703,
    20.245798110961914,
    19.828540802001953,
    18.5345458984375,
    17.56703758239746,
    17.48381233215332,
    16.433509826660156,
    16.846717834472656,
    15.737893104553223,
    15.582275390625,
    15.695806503295898,
    15.48544979095459,
    15.145134925842285,
    15.111971855163574,
    15.269440650939941,
    14.920537948608398,
    14.817490577697754,
    14.711380004882812,
    14.696976661682129,
    14.550082206726074,
    14.686565399169922,
    14.619118690490723,
    14.445096015930176,
    14.327048301696777,
    14.720462799072266,
    14.519088745117188,
    14.354281425476074,
    14.43227767944336,
    14.412331581115723,
    14.459705352783203,
    14.317401885986328,
    14.414345741271973,
    14.37515640258789,
    14.115492820739746,
    14.327736854553223,
    14.166494369506836,
    14.266913414001465,
    14.262044906616211,
    14.149087905883789,
    14.170206069946289,
    14.04172134399414,
    14.140780448913574,
    14.00454330444336,
    13.96954345703125,
    14.430327415466309,
    14.032690048217773,
    14.09472370147705,
    13.913518905639648,
    14.110459327697754,
    14.099038124084473,
    14.129528999328613,
    13.942482948303223,
    14.04840087890625,
    14.199248313903809,
    14.0386323928833,
    14.135357856750488,
    14.084464073181152
  ],