{
  "train_loss": [
    0.040277248826629815,
    0.03206522839291575,
    0.028511993641833218,
    0.02593252564599589
  ],
  "val_loss": [
    0.0876491193978396,
    0.08188528547441275,
    0.06445066113416506,
    0.07203072253377207
  ],
  "val_cc": [
    0.4377744495868683,
    0.40772801637649536,
    0.4951033592224121,
    0.45662689208984375
  ],
  "val_rmse": [
    0.2682744860649109,
    0.26874932646751404,
    0.2425970435142517,
    0.25764819979667664
  ],
  "val_r2": [
    -0.5782145857810974,
    -0.7217217087745667,
    -0.34797403216362,
    -0.4793013334274292
  ],
  "best_r2": -0.34797403216362
}