{
  "train_loss": [
    0.04007568920485115,
    0.031100283842588332,
    0.027703913315599554,
    0.025108690650736207,
    0.02321850098600464,
    0.021539680954789357,
    0.020186455424489422,
    0.01898954001690026,
    0.017995722682646462,
    0.01714860133462867,
    0.0163817250937595,
    0.015704615953566935,
    0.015130344565107803,
    0.014588019551861358,
    0.014037460423320115,
    0.013614343634000884,
    0.013193011011341012,
    0.012776519625596817,
    0.012433507313742058,
    0.012128711014287537,
    0.011740050996847606,
    0.0115008737813676,
    0.011211407555203487,
    0.010989745292985305,
    0.010751024854422059,
    0.010542214154881413,
    0.010302886976352163,
    0.010135211510624319,
    0.009919404001721213,
    0.009780034376381993,
    0.009581867883189297,
    0.009469452158499104
  ],
  "val_loss": [
    0.034859845969239904,
    0.031030649038495926,
    0.028646377193502433,
    0.02545799580480546,
    0.025990496830044278,
    0.024774746246951602,
    0.02369655319190607,
    0.022979752754918,
    0.021593587757757153,
    0.02101409694613296,
    0.022378415994276833,
    0.021622000907200224,
    0.021407386366462295,
    0.02030242761337018,
    0.02081750598072194,
    0.020036381871109957,
    0.02018974701317625,
    0.019722675446455055,
    0.019144968892742614,
    0.01873858955270566,
    0.019238123985740197,
    0.018614664288892448,
    0.019040892413490926,
    0.018563187456906338,
    0.01921030022900104,
    0.01854015868692164,
    0.019044040947910554,
    0.018418599643581342,
    0.01815480057095878,
    0.018157296075721294,
    0.0181043144713428,
    0.018371104285944784
  ],
  "val_cc": [
    0.5992026925086975,
    0.6498463153839111,
    0.676242470741272,
    0.706045389175415,
    0.7084029316902161,
    0.7252817153930664,
    0.7344554662704468,
    0.7410686016082764,
    0.7587169408798218,
    0.7641733288764954,
    0.7591658234596252,
    0.7656527161598206,
    0.7688316702842712,
    0.776564359664917,
    0.7777567505836487,
    0.780888020992279,
    0.7814368605613708,
    0.7863954901695251,
    0.7917905449867249,
    0.795707106590271,
    0.7918611168861389,
    0.7993122339248657,
    0.7981223464012146,
    0.801098644733429,
    0.7988038659095764,
    0.8008840680122375,
    0.7992662787437439,
    0.8055585622787476,
    0.8083650469779968,
    0.809644341468811,
    0.8061258792877197,
    0.8082412481307983
  ],
  "val_rmse": [
    24.08587646484375,
    22.405244827270508,
    21.456218719482422,
    20.72398567199707,
    20.577754974365234,
    20.231748580932617,
    19.92885398864746,
    19.563461303710938,
    18.818870544433594,
    18.51897430419922,
    19.091636657714844,
    18.687698364257812,
    18.606019973754883,
    18.21082878112793,
    18.267824172973633,
    18.017013549804688,
    18.368871688842773,
    17.910154342651367,
    17.667186737060547,
    17.373689651489258,
    17.582767486572266,
    17.485719680786133,
    17.452775955200195,
    17.233137130737305,
    17.679048538208008,
    17.357389450073242,
    17.6270694732666,
    17.165699005126953,
    17.097240447998047,
    16.979209899902344,
    17.04222869873047,
    17.053871154785156
  ],
  "val_r2": [
    0.3297450840473175,
    0.3968280553817749,
    0.4461241662502289,
    0.4940587878227234,
    0.49043282866477966,
    0.5087422728538513,
    0.5303269624710083,
    0.5442991852760315,
    0.5702738165855408,
    0.5816270709037781,
    0.5614380836486816,
    0.5778390765190125,
    0.5822171568870544,
    0.598970353603363,
    0.5945620536804199,
    0.6065007448196411,
    0.6030690670013428,
    0.6127289533615112,
    0.6228330731391907,
    0.6315259337425232,
    0.6236845254898071,
    0.6343387961387634,
    0.631119430065155,
    0.6373776197433472,
    0.62833571434021,
    0.6359771490097046,
    0.6297984719276428,
    0.6412534117698669,
    0.64725661277771,
    0.6477055549621582,
    0.6468915343284607,
    0.6434884071350098
  ],
  "best_r2": 0.6477055549621582
}