{
  "train_loss": [
    0.23447385870023668,
    0.20489029721233315,
    0.19420907124801123,
    0.1866589715461389,
    0.18039331603508196,
    0.17511964717626202,
    0.170360070735761,
    0.16602321898507522,
    0.16211042944248097,
    0.158494164027972,
    0.1551746201854625,
    0.15202141022636256,
    0.14909197608794264,
    0.14634720491902542,
    0.1437843570334829,
    0.1413851074654105,
    0.1390526854005276,
    0.13702261532235538,
    0.13492172988889667,
    0.13293793143884372,
    0.1311855551134345,
    0.12954876828453532,
    0.12782835847136642,
    0.1262243928075661,
    0.12470214542368191,
    0.12319768871075541,
    0.12185138828061204,
    0.12051165134791843,
    0.1192183667677096,
    0.1180174020924627
  ],
  "val_loss": [
    0.2716456309579113,
    0.2682946327991157,
    0.267368374574846,
    0.26283753962168926,
    0.261482908452305,
    0.25894479394434294,
    0.25759902683669816,
    0.25600335346337566,
    0.2537217108067946,
    0.2561986508730291,
    0.25534219550931464,
    0.2583126191403683,
    0.25708164468321565,
    0.26394000868974316,
    0.2569064807560975,
    0.25717059267888986,
    0.2570278178061498,
    0.2548025762060911,
    0.25740211158011284,
    0.2554604168751466,
    0.25566819877613123,
    0.25873937853622353,
    0.25678103344953007,
    0.2549399749625115,
    0.2566002332795302,
    0.2547356681189737,
    0.2572354434283179,
    0.259265589245182,
    0.25684150723296534,
    0.2569413091129421
  ],
  "val_cc": [
    0.4983060956001282,
    0.5128475427627563,
    0.5141952633857727,
    0.5242936611175537,
    0.5304944515228271,
    0.5390869975090027,
    0.5371360778808594,
    0.5409278869628906,
    0.5460963249206543,
    0.5439629554748535,
    0.5454860925674438,
    0.5461083650588989,
    0.5429027676582336,
    0.534537672996521,
    0.5510815978050232,
    0.5438871383666992,
    0.548473060131073,
    0.5492095947265625,
    0.545241117477417,
    0.5454602837562561,
    0.5500724911689758,
    0.545343816280365,
    0.5505369901657104,
    0.5548068881034851,
    0.5480661988258362,
    0.5543208718299866,
    0.5514956712722778,
    0.544032096862793,
    0.5508173108100891,
    0.5512262582778931
  ],
  "val_rmse": [
    0.5188332200050354,
    0.51545649766922,
    0.5145642757415771,
    0.5104665160179138,
    0.5092449188232422,
    0.5067310929298401,
    0.5053877830505371,
    0.5039610862731934,
    0.501602828502655,
    0.5041376948356628,
    0.503131628036499,
    0.5058063864707947,
    0.5046968460083008,
    0.511279821395874,
    0.5046476125717163,
    0.504736065864563,
    0.5049179792404175,
    0.5025771856307983,
    0.5048120617866516,
    0.5032364130020142,
    0.5031581521034241,
    0.5061346292495728,
    0.5043274164199829,
    0.5026108026504517,
    0.5041521191596985,
    0.5022386312484741,
    0.5047162175178528,
    0.5067591071128845,
    0.5043568015098572,
    0.5046623349189758
  ],
  "val_r2": [
    0.24028770625591278,
    0.2500841021537781,
    0.25244802236557007,
    0.262412965297699,
    0.26802194118499756,
    0.2744773328304291,
    0.27757149934768677,
    0.28264206647872925,
    0.2891710102558136,
    0.28237637877464294,
    0.28486377000808716,
    0.2773948311805725,
    0.28024548292160034,
    0.262298047542572,
    0.28019991517066956,
    0.2810322046279907,
    0.2799907326698303,
    0.28630387783050537,
    0.28039491176605225,
    0.28410202264785767,
    0.2851199209690094,
    0.2767118811607361,
    0.2819471061229706,
    0.2868509888648987,
    0.28202325105667114,
    0.2874821126461029,
    0.28188249468803406,
    0.2751062214374542,
    0.28156328201293945,
    0.2812640964984894
  ],
  "best_r2": 0.2891710102558136
}