{
  "train_loss": [
    0.28461142922759297,
    0.23239491510831511,
    0.20510890282536104,
    0.18567443268394218,
    0.1691140624162321,
    0.1566440166532761,
    0.14598449780447972,
    0.13768360840126195,
    0.12936737178028493,
    0.1234418045137834,
    0.11738636875312351,
    0.11114903313052493,
    0.10661968834344074,
    0.10189251474800447,
    0.0972998365811401,
    0.09366594448427888,
    0.0901451692371534,
    0.08621561629454146,
    0.082508980938397,
    0.07912808360434107
  ],
  "val_loss": [
    0.2659516961463208,
    0.25317367191244294,
    0.2372656984503497,
    0.2299595162070569,
    0.21897218497710036,
    0.21752801360613067,
    0.21806712870700481,
    0.2156165441758424,
    0.21146648831701984,
    0.2131141200720089,
    0.20688592209662918,
    0.21264792835429713,
    0.20867014053775104,
    0.20426923992564253,
    0.20654739999646038,
    0.20939421177526127,
    0.20498313240596308,
    0.21438093247432718,
    0.20860582055774482,
    0.21612281977619383
  ],
  "val_cc": [
    0.5076716542243958,
    0.5565521121025085,
    0.5864309668540955,
    0.6098753809928894,
    0.6338629722595215,
    0.6447578072547913,
    0.6424559354782104,
    0.6540955305099487,
    0.6653598546981812,
    0.6588149666786194,
    0.6710094213485718,
    0.6704047918319702,
    0.6791198253631592,
    0.6808183789253235,
    0.6806992292404175,
    0.6796913146972656,
    0.6867855787277222,
    0.6746565699577332,
    0.6877432465553284,
    0.677480161190033
  ],
  "val_rmse": [
    0.5138115882873535,
    0.5014153122901917,
    0.4857045114040375,
    0.4780910909175873,
    0.466651052236557,
    0.4651528298854828,
    0.4660100042819977,
    0.46340593695640564,
    0.4588056206703186,
    0.4606059193611145,
    0.4537772238254547,
    0.4602862000465393,
    0.4558640420436859,
    0.45087355375289917,
    0.4533521234989166,
    0.45654240250587463,
    0.45178061723709106,
    0.46217212080955505,
    0.45589303970336914,
    0.4638128876686096
  ],
  "val_r2": [
    0.25310200452804565,
    0.2870553135871887,
    0.33028966188430786,
    0.35027995705604553,
    0.38086235523223877,
    0.3848223090171814,
    0.3832927644252777,
    0.3910984992980957,
    0.40036502480506897,
    0.3975062966346741,
    0.4150189757347107,
    0.3980240523815155,
    0.4075767397880554,
    0.42249807715415955,
    0.41434532403945923,
    0.40736252069473267,
    0.4203759729862213,
    0.39249077439308167,
    0.40946483612060547,
    0.38910526037216187
  ]
}