{
  "train_loss": [
    0.7614080457246098,
    0.6438459019002982,
    0.5796463167147635,
    0.5254285521044162,
    0.48154981749738596,
    0.4401323167791899,
    0.4066135240095412,
    0.37513611152051823,
    0.34931609300874183,
    0.3275250681716485,
    0.3015043798766244,
    0.27963008263149836,
    0.2605005375473306,
    0.24376894007258412,
    0.2280991000194346,
    0.21421961935570427,
    0.20139280387275588,
    0.19083675450190368,
    0.18204069204292256,
    0.17422576518942748,
    0.16770355595151856,
    0.1621741095974036,
    0.1580117334971068,
    0.15517359651289733,
    0.15300758690833308,
    0.20582332544559648,
    0.1884300114193383,
    0.18125001572384522,
    0.17574996059968934,
    0.17097722059010517,
    0.16739402971453815,
    0.16140792318947478,
    0.15756204693996256,
    0.15328123697472226,
    0.14887593383391184,
    0.1449334926574126,
    0.1415109829341255,
    0.1383426288166523,
    0.13487685153535603,
    0.13206364162504622,
    0.12883260924346324,
    0.12594901520466473,
    0.12337839907873882,
    0.12122612183938197,
    0.11894383782916919,
    0.11681105549848193,
    0.1152027077510869,
    0.11343943586669913,
    0.11212151830482968,
    0.11118497223739333,
    0.10985821364915423,
    0.10899577595892772,
    0.10830782908428484,
    0.10798623200289675,
    0.10745246077341954,
    0.1490892712467741
  ],
  "train_r2": [
    0.2386375367641449,
    0.3561924695968628,
    0.42038795351982117,
    0.4746025800704956,
    0.5184788703918457,
    0.5598941445350647,
    0.5934110283851624,
    0.624886691570282,
    0.6507051587104797,
    0.6724948883056641,
    0.6985142230987549,
    0.72038733959198,
    0.7395156621932983,
    0.7562462091445923,
    0.771915078163147,
    0.7857935428619385,
    0.7986195087432861,
    0.8091749548912048,
    0.8179706335067749,
    0.8257850408554077,
    0.8323068022727966,
    0.8378359079360962,
    0.8419981002807617,
    0.8448361754417419,
    0.8470020294189453,
    0.7941892743110657,
    0.8115816116333008,
    0.8187611103057861,
    0.8242607712745667,
    0.8290333151817322,
    0.8326162695884705,
    0.8386020660400391,
    0.8424476981163025,
    0.8467283248901367,
    0.8511333465576172,
    0.8550755977630615,
    0.8584977984428406,
    0.8616659045219421,
    0.8651317358016968,
    0.8679446578025818,
    0.8711753487586975,
    0.8740589618682861,
    0.8766292929649353,
    0.8787814974784851,
    0.8810636401176453,
    0.883196234703064,
    0.8848045468330383,
    0.8865677118301392,
    0.8878855109214783,
    0.8888219594955444,
    0.8901486992835999,
    0.8910109996795654,
    0.8916988968849182,
    0.8920204639434814,
    0.8925542831420898,
    0.8509199619293213
  ],
  "val_loss": [
    0.7227300812061209,
    0.6258752743188416,
    0.596222913185684,
    0.539416524694885,
    0.5047999240007647,
    0.46198697391831817,
    0.4473648910486211,
    0.4340505928620673,
    0.3849350891698756,
    0.3818958351705797,
    0.36816982904432793,
    0.34899301825456236,
    0.35888573557401715,
    0.33020828390458196,
    0.3173775360178628,
    0.31136855600637486,
    0.30963255272847345,
    0.2916376671991442,
    0.2880458199526823,
    0.2866308948100426,
    0.27973729692026045,
    0.27892064408417444,
    0.27534703269638366,
    0.27689729737009966,
    0.2761318712174195,
    0.29997299870346505,
    0.3126719951539104,
    0.2967276150918339,
    0.30196507315901394,
    0.2900199570387444,
    0.2972353342976985,
    0.28257999837386366,
    0.2756532977556586,
    0.286582930828391,
    0.27950087700068793,
    0.2741553495311792,
    0.2747894816934495,
    0.26833527807834245,
    0.27222358534299174,
    0.26781296398689386,
    0.26919382450098306,
    0.26435466779862843,
    0.26278821640533856,
    0.2608287795990661,
    0.25880032873545733,
    0.25993745119788736,
    0.26745901212889295,
    0.260412836360441,
    0.2590558181236038,
    0.2582696820100683,
    0.2618964944619827,
    0.25813471419062056,
    0.25863969464253456,
    0.25832563384852447,
    0.25792990612934696,
    0.2858100870922715
  ],
  "val_cc": [
    0.5710276365280151,
    0.6298462748527527,
    0.6542074680328369,
    0.6890079975128174,
    0.7163498997688293,
    0.7424571514129639,
    0.7557094693183899,
    0.7628496289253235,
    0.7916492819786072,
    0.7939116954803467,
    0.8036844730377197,
    0.8150796294212341,
    0.8074741363525391,
    0.8259454965591431,
    0.8340753316879272,
    0.8380140066146851,
    0.8384073376655579,
    0.8473741412162781,
    0.8497766852378845,
    0.851949155330658,
    0.8548751473426819,
    0.8560079336166382,
    0.8575028777122498,
    0.8575142025947571,
    0.8579073548316956,
    0.8438567519187927,
    0.8409286737442017,
    0.8473624587059021,
    0.8439905643463135,
    0.8496364951133728,
    0.8493297696113586,
    0.854438841342926,
    0.8566508889198303,
    0.8544092774391174,
    0.8562646508216858,
    0.8589726090431213,
    0.8616257309913635,
    0.860752522945404,
    0.8610296845436096,
    0.8622848987579346,
    0.863717257976532,
    0.8645221590995789,
    0.8660290241241455,
    0.866198718547821,
    0.8667528629302979,
    0.8666099309921265,
    0.8641183376312256,
    0.8669674396514893,
    0.8680635094642639,
    0.8683202266693115,
    0.8669980764389038,
    0.8686041235923767,
    0.8685236573219299,
    0.8686387538909912,
    0.8688628673553467,
    0.8518097400665283
  ],
  "val_rmse": [
    24.696821212768555,
    23.264719009399414,
    22.502822875976562,
    21.23826789855957,
    20.578529357910156,
    19.576171875,
    19.099565505981445,
    19.007308959960938,
    17.735382080078125,
    17.595806121826172,
    17.158143997192383,
    16.72939109802246,
    17.018705368041992,
    16.223970413208008,
    15.921136856079102,
    15.683752059936523,
    15.8004789352417,
    15.249858856201172,
    15.084024429321289,
    15.200898170471191,
    14.896349906921387,
    14.908658027648926,
    14.768677711486816,
    14.824301719665527,
    14.807143211364746,
    15.600774765014648,
    16.14687156677246,
    15.42665958404541,
    15.55352783203125,
    15.207468032836914,
    15.581772804260254,
    15.025437355041504,
    14.738722801208496,
    15.226553916931152,
    15.0028657913208,
    14.66943645477295,
    14.823357582092285,
    14.562394142150879,
    14.66318416595459,
    14.550299644470215,
    14.751503944396973,
    14.391430854797363,
    14.374645233154297,
    14.438344955444336,
    14.327377319335938,
    14.361523628234863,
    14.570785522460938,
    14.35644245147705,
    14.302124977111816,
    14.302642822265625,
    14.39989948272705,
    14.252999305725098,
    14.297595024108887,
    14.294610023498535,
    14.2989501953125,
    14.968148231506348
  ],